,AirCOId,AirCOName,AirNO2Id,AirNO2Name,AirO3_1Id,AirO3_1Name,AirO3_8Id,AirO3_8Name,AirPM10Id,AirPM10Name,AirPM2_5Id,AirPM2_5Name,AirSO2Id,AirSO2Name,COIaqi,COvalue,KZJB,Level,MAXAQI,NO2Iaqi,NO2value,O3_1Iaqi,O3_1value,O3_8Iaqi,O3_8value,PM10Iaqi,PM10value,PM2_5Iaqi,PM2_5value,Proposal,SO2Iaqi,SO2value,SubID,c0003_stcode,c0003_stname,pName,streetown,time
0,106,一氧化碳,141,二氧化氮,108,臭氧,108,臭氧_8,107,PM10,601,PM2.5,101,二氧化硫,7,652,"国控,省控,市控",,122,25,49,13,40,10,20,122,194,104,78,,7,21,1,370105,天桥区,济南四建,,/Date(1604282400000+0800)/
1,106,一氧化碳,141,二氧化氮,108,臭氧,108,臭氧_8,107,PM10,601,PM2.5,101,二氧化硫,12,1154,"国控,省控,市控,街镇",,122,27,54,14,43,9,18,122,194,99,74,,7,19,2,370102,历下区,市监测站,建筑新村街道办事处,/Date(1604282400000+0800)/
2,106,一氧化碳,141,二氧化氮,108,臭氧,108,臭氧_8,107,PM10,601,PM2.5,101,二氧化硫,10,948,"国控,省控,市控,街镇",,125,26,51,15,45,8,15,125,200,103,77,,7,19,3,370112,历城区,省种子仓库,洪家楼街道办事处,/Date(1604282400000+0800)/
3,106,一氧化碳,141,二氧化氮,108,臭氧,108,臭氧_8,107,PM10,601,PM2.5,101,二氧化硫,12,1101,"国控,省控,市控,街镇",,111,24,47,13,41,10,20,111,172,90,67,,7,20,4,370104,槐荫区,机床二厂,南辛庄街道办事处,/Date(1604282400000+0800)/
4,106,一氧化碳,141,二氧化氮,108,臭氧,108,臭氧_8,107,PM10,601,PM2.5,101,二氧化硫,11,1100,"国控,省控,市控,街镇",,107,29,57,15,46,23,45,107,163,95,71,,8,24,5,370103,市中区,科干所,十六里河街道办事处,/Date(1604282400000+0800)/
5,106,一氧化碳,141,二氧化氮,108,臭氧,108,臭氧_8,107,PM10,601,PM2.5,101,二氧化硫,,,"国控,省控,市控,街镇",,0,,,,,,,,,,,,,,6,370114,高新区,开发区,舜华路街道办事处,/Date(1604282400000+0800)/
6,106,一氧化碳,141,二氧化氮,108,臭氧,108,臭氧_8,107,PM10,601,PM2.5,101,二氧化硫,8,782,"国控,省控,市控,街镇",,122,25,50,13,40,9,18,122,194,97,72,,7,20,7,370104,槐荫区,农科所,匡山街道办事处,/Date(1604282400000+0800)/
7,106,一氧化碳,141,二氧化氮,108,臭氧,108,臭氧_8,107,PM10,601,PM2.5,101,二氧化硫,6,572,"国控,省控,市控,街镇",,127,16,32,15,48,11,21,127,204,102,76,,6,18,8,370113,长清区,长清党校,文昌街道办事处,/Date(1604282400000+0800)/
8,106,一氧化碳,141,二氧化氮,108,臭氧,108,臭氧_8,107,PM10,601,PM2.5,101,二氧化硫,10,909,"省控,市控",,118,25,49,12,38,8,15,118,186,78,57,,7,19,362,370105,天桥区,北园街道,,/Date(1604282400000+0800)/
9,106,一氧化碳,141,二氧化氮,108,臭氧,108,臭氧_8,107,PM10,601,PM2.5,101,二氧化硫,9,824,"省控,市控",,105,29,57,13,41,14,28,105,159,79,58,,7,21,363,370103,市中区,山东鲁能,,/Date(1604282400000+0800)/
10,106,一氧化碳,141,二氧化氮,108,臭氧,108,臭氧_8,107,PM10,601,PM2.5,101,二氧化硫,10,965,"省控,市控,街镇",,102,27,54,15,46,33,66,102,154,85,63,,7,20,364,370102,历下区,经济学院,姚家街道办事处,/Date(1604282400000+0800)/
11,106,一氧化碳,141,二氧化氮,108,臭氧,108,臭氧_8,107,PM10,601,PM2.5,101,二氧化硫,8,715,"省控,市控",,105,27,53,15,46,24,48,105,159,77,56,,6,18,365,370114,高新区,东城逸家小学,,/Date(1604282400000+0800)/
12,106,一氧化碳,141,二氧化氮,108,臭氧,108,臭氧_8,107,PM10,601,PM2.5,101,二氧化硫,8,731,"省控,市控,街镇",,118,30,60,15,48,11,22,118,185,77,56,,7,20,366,370112,历城区,建工学院,港沟街道办事处,/Date(1604282400000+0800)/
13,106,一氧化碳,141,二氧化氮,108,臭氧,108,臭氧_8,107,PM10,601,PM2.5,101,二氧化硫,9,822,"省控,市控,街镇",,110,25,50,13,39,8,15,110,170,95,71,,7,19,368,370102,历下区,泉城广场,趵突泉街道办事处,/Date(1604282400000+0800)/
14,106,一氧化碳,141,二氧化氮,108,臭氧,108,臭氧_8,107,PM10,601,PM2.5,101,二氧化硫,6,595,"省控,市控",,64,11,21,22,68,38,75,64,78,38,26,,4,10,371,370100,济南,跑马岭,,/Date(1604282400000+0800)/
15,106,一氧化碳,141,二氧化氮,108,臭氧,108,臭氧_8,107,PM10,601,PM2.5,101,二氧化硫,19,1865,"省控,市控,街镇",,124,26,52,19,60,20,39,124,197,94,70,,8,22,9929,370181,章丘区,东山小学,双山街道办事处,/Date(1604282400000+0800)/
16,106,一氧化碳,141,二氧化氮,108,臭氧,108,臭氧_8,107,PM10,601,PM2.5,101,二氧化硫,15,1475,"省控,市控",,22,22,43,15,48,16,32,,,,,,8,24,9930,370181,章丘区,章丘开发区,,/Date(1604282400000+0800)/
17,106,一氧化碳,141,二氧化氮,108,臭氧,108,臭氧_8,107,PM10,601,PM2.5,101,二氧化硫,17,1670,街镇,,246,18,36,21,67,8,15,170,290,246,196,,14,42,12110,370116,莱芜区,寨里镇,寨里镇,/Date(1604282400000+0800)/
18,106,一氧化碳,141,二氧化氮,108,臭氧,108,臭氧_8,107,PM10,601,PM2.5,101,二氧化硫,21,2016,街镇,,233,23,45,17,52,5,9,160,270,233,183,,19,57,12111,370116,莱芜区,牛泉镇,牛泉镇,/Date(1604282400000+0800)/
19,106,一氧化碳,141,二氧化氮,108,臭氧,108,臭氧_8,107,PM10,601,PM2.5,101,二氧化硫,34,3346,街镇,,206,38,75,17,52,6,11,171,292,206,156,,11,33,12112,370116,莱芜区,口镇街道办事处,口镇街道办事处,/Date(1604282400000+0800)/
20,106,一氧化碳,141,二氧化氮,108,臭氧,108,臭氧_8,107,PM10,601,PM2.5,101,二氧化硫,23,2229,街镇,,153,17,34,21,67,6,11,149,248,153,117,,,,12113,370116,莱芜区,苗山镇,苗山镇,/Date(1604282400000+0800)/
21,106,一氧化碳,141,二氧化氮,108,臭氧,108,臭氧_8,107,PM10,601,PM2.5,101,二氧化硫,27,2692,街镇,,224,,,4,11,4,8,185,320,224,174,,,,12114,370116,莱芜区,高庄街道办事处,高庄街道办事处,/Date(1604282400000+0800)/
22,106,一氧化碳,141,二氧化氮,108,臭氧,108,臭氧_8,107,PM10,601,PM2.5,101,二氧化硫,25,2402,街镇,,195,34,67,13,41,8,15,175,300,195,146,,15,45,12115,370117,钢城区,里辛街道办事处,里辛街道办事处,/Date(1604282400000+0800)/
23,106,一氧化碳,141,二氧化氮,108,臭氧,108,臭氧_8,107,PM10,601,PM2.5,101,二氧化硫,37,3669,街镇,,230,39,78,11,35,4,8,190,329,230,180,,13,37,12116,370117,钢城区,颜庄街道办事处,颜庄街道办事处,/Date(1604282400000+0800)/
24,106,一氧化碳,141,二氧化氮,108,臭氧,108,臭氧_8,107,PM10,601,PM2.5,101,二氧化硫,12,1144,街镇,,143,18,36,17,54,7,13,111,172,143,109,,7,21,12117,370116,莱芜区,雪野街道办事处,雪野街道办事处,/Date(1604282400000+0800)/
25,106,一氧化碳,141,二氧化氮,108,臭氧,108,臭氧_8,107,PM10,601,PM2.5,101,二氧化硫,,,市控,,140,22,44,,,,,140,229,114,86,,9,26,12118,370100,济南,莱钢,,/Date(1604282400000+0800)/
26,106,一氧化碳,141,二氧化氮,108,臭氧,108,臭氧_8,107,PM10,601,PM2.5,101,二氧化硫,,,市控,,246,27,53,,,,,178,306,246,196,,6,18,12119,370100,济南,泰钢,,/Date(1604282400000+0800)/
27,106,一氧化碳,141,二氧化氮,108,臭氧,108,臭氧_8,107,PM10,601,PM2.5,101,二氧化硫,,,市控,,216,26,51,,,,,165,280,216,166,,12,36,12120,370100,济南,九羊,,/Date(1604282400000+0800)/
28,106,一氧化碳,141,二氧化氮,108,臭氧,108,臭氧_8,107,PM10,601,PM2.5,101,二氧化硫,,,"省控,市控",,0,,,,,,,,,,,,,,12151,370119,莱芜高新区,新一中,,/Date(1604282400000+0800)/
29,106,一氧化碳,141,二氧化氮,108,臭氧,108,臭氧_8,107,PM10,601,PM2.5,101,二氧化硫,11,1081,"省控,市控,街镇",,128,18,35,29,90,19,37,128,206,110,83,,10,28,12152,370117,钢城区,钢城区环保局,艾山街道办事处,/Date(1604282400000+0800)/
30,106,一氧化碳,141,二氧化氮,108,臭氧,108,臭氧_8,107,PM10,601,PM2.5,101,二氧化硫,48,4710,"国控,省控,市控",,163,36,72,15,46,7,13,145,239,163,124,,15,44,12153,370116,莱芜区,莱芜战役纪念馆,,/Date(1604282400000+0800)/
31,106,一氧化碳,141,二氧化氮,108,臭氧,108,臭氧_8,107,PM10,601,PM2.5,101,二氧化硫,30,2925,"国控,省控,市控,街镇",,159,34,67,17,52,6,12,136,221,159,121,,9,27,12154,370119,莱芜高新区,泰兴公司,鹏泉街道办事处,/Date(1604282400000+0800)/
32,106,一氧化碳,141,二氧化氮,108,臭氧,108,臭氧_8,107,PM10,601,PM2.5,101,二氧化硫,21,2009,"国控,省控,市控,街镇",,218,25,49,19,58,6,12,156,261,218,168,,11,33,12155,370116,莱芜区,技术学院,凤城街道办事处,/Date(1604282400000+0800)/
33,106,一氧化碳,141,二氧化氮,108,臭氧,108,臭氧_8,107,PM10,601,PM2.5,101,二氧化硫,9,815,"市控,街镇",,118,26,52,13,39,7,13,118,186,99,74,,6,17,12492,370104,槐荫区,黄河河务局,吴家堡街道办事处,/Date(1604282400000+0800)/
34,106,一氧化碳,141,二氧化氮,108,臭氧,108,臭氧_8,107,PM10,601,PM2.5,101,二氧化硫,8,748,市控,,99,23,46,16,50,31,61,99,148,77,56,,6,18,12493,370102,历下区,锦屏中学,,/Date(1604282400000+0800)/
35,106,一氧化碳,141,二氧化氮,108,臭氧,108,臭氧_8,107,PM10,601,PM2.5,101,二氧化硫,11,1017,市控,,136,24,48,13,39,9,18,136,221,118,89,,7,19,12494,370100,济南,滨州临界点,,/Date(1604282400000+0800)/
36,106,一氧化碳,141,二氧化氮,108,臭氧,108,臭氧_8,107,PM10,601,PM2.5,101,二氧化硫,10,955,市控,,115,31,62,10,31,19,37,115,180,90,67,,7,20,12495,370102,历下区,市博物馆,,/Date(1604282400000+0800)/
37,106,一氧化碳,141,二氧化氮,108,臭氧,108,臭氧_8,107,PM10,601,PM2.5,101,二氧化硫,8,753,"市控,街镇",,117,28,55,14,42,18,35,117,184,88,65,,6,18,12572,370102,济南,奥体中心,龙洞街道办事处,/Date(1604282400000+0800)/
38,106,一氧化碳,141,二氧化氮,108,臭氧,108,臭氧_8,107,PM10,601,PM2.5,101,二氧化硫,6,583,"省控,市控,街镇",,103,28,55,17,53,37,74,103,155,75,55,,6,17,12573,370112,历城区,商职学院,彩石街道办事处,/Date(1604282400000+0800)/
39,106,一氧化碳,141,二氧化氮,108,臭氧,108,臭氧_8,107,PM10,601,PM2.5,101,二氧化硫,6,545,"省控,市控,街镇",,127,24,48,16,49,8,15,127,203,99,74,,7,21,12574,370125,济阳区,济阳城区,济阳街道办事处,/Date(1604282400000+0800)/
40,106,一氧化碳,141,二氧化氮,108,臭氧,108,臭氧_8,107,PM10,601,PM2.5,101,二氧化硫,6,565,"省控,市控,街镇",,119,25,49,16,49,9,17,119,188,87,64,,6,17,12575,370125,济阳区,济阳区政府,济北街道办事处,/Date(1604282400000+0800)/
41,106,一氧化碳,141,二氧化氮,108,臭氧,108,臭氧_8,107,PM10,601,PM2.5,101,二氧化硫,6,579,"省控,市控,街镇",,122,23,46,12,36,10,19,122,193,52,36,,9,26,12576,370126,商河县,商河城区,许商街道办事处,/Date(1604282400000+0800)/
42,106,一氧化碳,141,二氧化氮,108,臭氧,108,臭氧_8,107,PM10,601,PM2.5,101,二氧化硫,8,785,"省控,市控",,110,20,39,9,28,5,10,110,170,52,36,,7,19,12577,370126,商河县,油区管委会,,/Date(1604282400000+0800)/
43,106,一氧化碳,141,二氧化氮,108,臭氧,108,臭氧_8,107,PM10,601,PM2.5,101,二氧化硫,6,570,"省控,市控,街镇",,94,21,41,16,50,10,20,94,138,57,40,,7,19,12578,370124,平阴县,淮海御墅,安城镇,/Date(1604282400000+0800)/
44,106,一氧化碳,141,二氧化氮,108,臭氧,108,臭氧_8,107,PM10,601,PM2.5,101,二氧化硫,9,812,"省控,市控,街镇",,94,20,39,19,58,12,24,94,137,39,27,,6,16,12579,370124,平阴县,平阴城区,榆山街道办事处,/Date(1604282400000+0800)/
45,106,一氧化碳,141,二氧化氮,108,臭氧,108,臭氧_8,107,PM10,601,PM2.5,101,二氧化硫,8,738,"省控,市控,街镇",,97,25,49,15,48,8,16,97,144,63,45,,5,15,12672,370113,长清区,长清大学城,崮云湖街道办事处,/Date(1604282400000+0800)/
46,106,一氧化碳,141,二氧化氮,108,臭氧,108,臭氧_8,107,PM10,601,PM2.5,101,二氧化硫,6,600,"市控,街镇",,115,22,44,15,47,8,16,115,180,95,71,,5,15,12792,370104,槐荫区,济南西城区,玉清湖街道办事处,/Date(1604282400000+0800)/
47,106,一氧化碳,141,二氧化氮,108,臭氧,108,臭氧_8,107,PM10,601,PM2.5,101,二氧化硫,8,752,街镇,,143,15,30,20,62,9,18,113,175,143,109,,6,17,13271,370116,莱芜区,茶业口镇,茶业口镇,/Date(1604282400000+0800)/
48,106,一氧化碳,141,二氧化氮,108,臭氧,108,臭氧_8,107,PM10,601,PM2.5,101,二氧化硫,17,1631,街镇,,202,24,48,16,49,5,9,155,260,202,152,,14,40,13272,370116,莱芜区,方下街道办事处,方下街道办事处,/Date(1604282400000+0800)/
49,106,一氧化碳,141,二氧化氮,108,臭氧,108,臭氧_8,107,PM10,601,PM2.5,101,二氧化硫,21,2044,街镇,,144,25,50,18,57,7,13,113,175,144,110,,8,22,13273,370117,钢城区,辛庄街道办事处,辛庄街道办事处,/Date(1604282400000+0800)/
50,106,一氧化碳,141,二氧化氮,108,臭氧,108,臭氧_8,107,PM10,601,PM2.5,101,二氧化硫,18,1729,街镇,,131,23,46,23,71,14,27,131,212,130,99,,12,34,13274,370117,钢城区,汶源街道办事处,汶源街道办事处,/Date(1604282400000+0800)/
51,106,一氧化碳,141,二氧化氮,108,臭氧,108,臭氧_8,107,PM10,601,PM2.5,101,二氧化硫,12,1114,街镇,,189,20,40,16,51,6,11,142,233,189,142,,7,19,13275,370116,莱芜区,杨庄镇,杨庄镇,/Date(1604282400000+0800)/
52,106,一氧化碳,141,二氧化氮,108,臭氧,108,臭氧_8,107,PM10,601,PM2.5,101,二氧化硫,15,1410,街镇,,207,18,36,19,58,12,23,153,256,207,157,,7,19,13276,370116,莱芜区,大王庄镇,大王庄镇,/Date(1604282400000+0800)/
53,106,一氧化碳,141,二氧化氮,108,臭氧,108,臭氧_8,107,PM10,601,PM2.5,101,二氧化硫,21,2072,街镇,,137,20,39,24,74,11,21,110,170,137,104,,9,25,13277,370116,莱芜区,和庄镇,和庄镇,/Date(1604282400000+0800)/
54,106,一氧化碳,141,二氧化氮,108,臭氧,108,臭氧_8,107,PM10,601,PM2.5,101,二氧化硫,15,1451,街镇,,202,23,45,18,57,8,16,148,246,202,152,,12,35,13278,370116,莱芜区,羊里街道办事处,羊里街道办事处,/Date(1604282400000+0800)/
55,106,一氧化碳,141,二氧化氮,108,臭氧,108,臭氧_8,107,PM10,601,PM2.5,101,二氧化硫,11,1053,街镇,,120,27,54,13,40,8,16,120,189,114,86,,7,19,15040,370102,历下区,解放路街道办事处,解放路街道办事处,/Date(1604282400000+0800)/
56,106,一氧化碳,141,二氧化氮,108,臭氧,108,臭氧_8,107,PM10,601,PM2.5,101,二氧化硫,10,998,街镇,,106,31,61,14,43,21,42,106,161,80,59,,7,20,15041,370102,历下区,千佛山街道办事处,千佛山街道办事处,/Date(1604282400000+0800)/
57,106,一氧化碳,141,二氧化氮,108,臭氧,108,臭氧_8,107,PM10,601,PM2.5,101,二氧化硫,8,780,街镇,,131,28,56,12,36,7,13,131,212,109,82,,7,19,15042,370102,历下区,泉城路街道办事处,泉城路街道办事处,/Date(1604282400000+0800)/
58,106,一氧化碳,141,二氧化氮,108,臭氧,108,臭氧_8,107,PM10,601,PM2.5,101,二氧化硫,13,1225,街镇,,116,26,52,14,44,11,22,116,181,112,84,,7,20,15043,370102,历下区,文化东路街道办事处,文化东路街道办事处,/Date(1604282400000+0800)/
59,106,一氧化碳,141,二氧化氮,108,臭氧,108,臭氧_8,107,PM10,601,PM2.5,101,二氧化硫,8,751,街镇,,129,32,64,14,42,18,36,129,208,93,69,,6,18,15044,370102,历下区,智远街道办事处,智远街道办事处,/Date(1604282400000+0800)/
60,106,一氧化碳,141,二氧化氮,108,臭氧,108,臭氧_8,107,PM10,601,PM2.5,101,二氧化硫,8,720,街镇,,141,28,55,14,43,9,18,141,231,108,81,,7,20,15045,370102,历下区,大明湖街道办事处,大明湖街道办事处,/Date(1604282400000+0800)/
61,106,一氧化碳,141,二氧化氮,108,臭氧,108,臭氧_8,107,PM10,601,PM2.5,101,二氧化硫,8,755,街镇,,123,24,47,14,42,8,16,123,195,100,75,,8,22,15046,370102,历下区,东关街道办事处,东关街道办事处,/Date(1604282400000+0800)/
62,106,一氧化碳,141,二氧化氮,108,臭氧,108,臭氧_8,107,PM10,601,PM2.5,101,二氧化硫,10,923,街镇,,119,26,52,14,43,11,22,119,188,97,72,,9,27,15047,370102,历下区,甸柳街道办事处,甸柳街道办事处,/Date(1604282400000+0800)/
63,106,一氧化碳,141,二氧化氮,108,臭氧,108,臭氧_8,107,PM10,601,PM2.5,101,二氧化硫,7,619,街镇,,119,28,55,13,40,11,22,119,188,103,77,,7,21,15048,370102,历下区,燕山街道办事处,燕山街道办事处,/Date(1604282400000+0800)/
64,106,一氧化碳,141,二氧化氮,108,臭氧,108,臭氧_8,107,PM10,601,PM2.5,101,二氧化硫,,,街镇,,117,,,,,9,18,117,183,84,62,,,,15049,370103,市中区,舜玉路街道办事处,舜玉路街道办事处,/Date(1604282400000+0800)/
65,106,一氧化碳,141,二氧化氮,108,臭氧,108,臭氧_8,107,PM10,601,PM2.5,101,二氧化硫,11,1056,街镇,,117,30,60,14,43,14,27,117,184,94,70,,8,24,15050,370103,市中区,六里山街道办事处,六里山街道办事处,/Date(1604282400000+0800)/
66,106,一氧化碳,141,二氧化氮,108,臭氧,108,臭氧_8,107,PM10,601,PM2.5,101,二氧化硫,10,999,街镇,,87,21,41,20,64,19,37,86,121,87,64,,7,19,15055,370130,南部山区,西营街道办事处,西营街道办事处,/Date(1604282400000+0800)/
67,106,一氧化碳,141,二氧化氮,108,臭氧,108,臭氧_8,107,PM10,601,PM2.5,101,二氧化硫,9,810,街镇,,100,13,26,19,59,23,46,100,150,80,59,,6,16,15056,370130,南部山区,柳埠街道办事处,柳埠街道办事处,/Date(1604282400000+0800)/
68,106,一氧化碳,141,二氧化氮,108,臭氧,108,臭氧_8,107,PM10,601,PM2.5,101,二氧化硫,14,1304,街镇,,100,19,38,16,51,18,36,100,149,94,70,,5,14,15057,370130,南部山区,仲宫街道办事处,仲宫街道办事处,/Date(1604282400000+0800)/
69,106,一氧化碳,141,二氧化氮,108,臭氧,108,臭氧_8,107,PM10,601,PM2.5,101,二氧化硫,10,965,街镇,,120,29,58,15,47,19,38,120,190,99,74,,7,21,15058,370103,市中区,七里山街道办事处,七里山街道办事处,/Date(1604282400000+0800)/
70,106,一氧化碳,141,二氧化氮,108,臭氧,108,臭氧_8,107,PM10,601,PM2.5,101,二氧化硫,11,1022,街镇,,125,29,58,14,43,12,23,125,199,97,72,,7,21,15059,370103,市中区,二七新村街道办事处,二七新村街道办事处,/Date(1604282400000+0800)/
71,106,一氧化碳,141,二氧化氮,108,臭氧,108,臭氧_8,107,PM10,601,PM2.5,101,二氧化硫,9,873,街镇,,122,30,59,13,39,10,20,122,193,87,64,,8,23,15060,370103,市中区,四里村街道办事处,四里村街道办事处,/Date(1604282400000+0800)/
72,106,一氧化碳,141,二氧化氮,108,臭氧,108,臭氧_8,107,PM10,601,PM2.5,101,二氧化硫,9,831,街镇,,124,30,59,13,40,8,15,124,197,103,77,,7,20,15061,370103,市中区,杆石桥街道办事处,杆石桥街道办事处,/Date(1604282400000+0800)/
73,106,一氧化碳,141,二氧化氮,108,臭氧,108,臭氧_8,107,PM10,601,PM2.5,101,二氧化硫,11,1070,街镇,,119,29,57,12,38,8,16,119,187,104,78,,6,18,15062,370103,市中区,大观园街道办事处,大观园街道办事处,/Date(1604282400000+0800)/
74,106,一氧化碳,141,二氧化氮,108,臭氧,108,臭氧_8,107,PM10,601,PM2.5,101,二氧化硫,8,786,街镇,,126,29,57,13,39,11,21,126,201,100,75,,8,22,15063,370103,市中区,魏家庄街道办事处,魏家庄街道办事处,/Date(1604282400000+0800)/
75,106,一氧化碳,141,二氧化氮,108,臭氧,108,臭氧_8,107,PM10,601,PM2.5,101,二氧化硫,7,686,街镇,,127,28,56,13,41,9,18,127,204,102,76,,7,20,15064,370103,市中区,泺源街道办事处,泺源街道办事处,/Date(1604282400000+0800)/
76,106,一氧化碳,141,二氧化氮,108,臭氧,108,臭氧_8,107,PM10,601,PM2.5,101,二氧化硫,16,1521,街镇,,139,28,56,10,32,6,11,132,214,139,106,,7,20,15065,370103,市中区,王官庄街道办事处,王官庄街道办事处,/Date(1604282400000+0800)/
77,106,一氧化碳,141,二氧化氮,108,臭氧,108,臭氧_8,107,PM10,601,PM2.5,101,二氧化硫,8,787,街镇,,116,28,55,14,44,31,61,116,182,94,70,,7,21,15066,370103,市中区,舜耕街道办事处,舜耕街道办事处,/Date(1604282400000+0800)/
78,106,一氧化碳,141,二氧化氮,108,臭氧,108,臭氧_8,107,PM10,601,PM2.5,101,二氧化硫,13,1239,街镇,,119,26,52,14,43,16,32,119,188,117,88,,8,24,15067,370103,市中区,七贤街道办事处,七贤街道办事处,/Date(1604282400000+0800)/
79,106,一氧化碳,141,二氧化氮,108,臭氧,108,臭氧_8,107,PM10,601,PM2.5,101,二氧化硫,14,1313,街镇,,120,29,57,13,41,13,26,120,190,110,83,,8,23,15068,370103,市中区,白马山街道办事处,白马山街道办事处,/Date(1604282400000+0800)/
80,106,一氧化碳,141,二氧化氮,108,臭氧,108,臭氧_8,107,PM10,601,PM2.5,101,二氧化硫,11,1078,街镇,,104,25,49,16,49,21,42,104,157,94,70,,8,24,15069,370103,市中区,兴隆街道办事处,兴隆街道办事处,/Date(1604282400000+0800)/
81,106,一氧化碳,141,二氧化氮,108,臭氧,108,臭氧_8,107,PM10,601,PM2.5,101,二氧化硫,11,1086,街镇,,108,26,51,12,38,17,33,108,166,105,79,,8,24,15070,370103,市中区,党家街道办事处,党家街道办事处,/Date(1604282400000+0800)/
82,106,一氧化碳,141,二氧化氮,108,臭氧,108,臭氧_8,107,PM10,601,PM2.5,101,二氧化硫,11,1062,街镇,,120,25,50,13,41,8,15,120,189,113,85,,7,20,15071,370103,市中区,陡沟街道办事处,陡沟街道办事处,/Date(1604282400000+0800)/
83,106,一氧化碳,141,二氧化氮,108,臭氧,108,臭氧_8,107,PM10,601,PM2.5,101,二氧化硫,9,855,街镇,,129,27,54,13,39,7,13,129,208,99,74,,7,21,15072,370104,槐荫区,振兴街街道办事处,振兴街街道办事处,/Date(1604282400000+0800)/
84,106,一氧化碳,141,二氧化氮,108,臭氧,108,臭氧_8,107,PM10,601,PM2.5,101,二氧化硫,9,842,街镇,,117,32,64,10,32,7,14,117,184,88,65,,7,19,15073,370104,槐荫区,五里沟街道办事处,五里沟街道办事处,/Date(1604282400000+0800)/
85,106,一氧化碳,141,二氧化氮,108,臭氧,108,臭氧_8,107,PM10,601,PM2.5,101,二氧化硫,11,1038,街镇,,129,26,51,13,40,10,19,129,208,107,80,,6,17,15074,370104,槐荫区,青年公园街道办事处,青年公园街道办事处,/Date(1604282400000+0800)/
86,106,一氧化碳,141,二氧化氮,108,臭氧,108,臭氧_8,107,PM10,601,PM2.5,101,二氧化硫,9,864,街镇,,125,31,61,13,39,9,17,125,200,100,75,,7,20,15075,370104,槐荫区,中大槐树街道办事处,中大槐树街道办事处,/Date(1604282400000+0800)/
87,106,一氧化碳,141,二氧化氮,108,臭氧,108,臭氧_8,107,PM10,601,PM2.5,101,二氧化硫,9,880,街镇,,128,28,55,12,36,9,17,128,206,103,77,,6,18,15076,370104,槐荫区,道德街街道办事处,道德街街道办事处,/Date(1604282400000+0800)/
88,106,一氧化碳,141,二氧化氮,108,臭氧,108,臭氧_8,107,PM10,601,PM2.5,101,二氧化硫,10,998,街镇,,110,25,49,14,44,11,22,110,170,105,79,,7,20,15077,370104,槐荫区,营市街街道办事处,营市街街道办事处,/Date(1604282400000+0800)/
89,106,一氧化碳,141,二氧化氮,108,臭氧,108,臭氧_8,107,PM10,601,PM2.5,101,二氧化硫,9,819,街镇,,122,31,62,14,42,9,18,122,194,93,69,,8,22,15078,370104,槐荫区,西市场街道办事处,西市场街道办事处,/Date(1604282400000+0800)/
90,106,一氧化碳,141,二氧化氮,108,臭氧,108,臭氧_8,107,PM10,601,PM2.5,101,二氧化硫,12,1109,街镇,,128,27,53,14,42,14,27,127,204,128,97,,7,21,15079,370104,槐荫区,张庄路街道办事处,张庄路街道办事处,/Date(1604282400000+0800)/
91,106,一氧化碳,141,二氧化氮,108,臭氧,108,臭氧_8,107,PM10,601,PM2.5,101,二氧化硫,13,1214,街镇,,122,29,57,10,32,9,17,122,194,114,86,,8,22,15080,370104,槐荫区,段店北路街道办事处,段店北路街道办事处,/Date(1604282400000+0800)/
92,106,一氧化碳,141,二氧化氮,108,臭氧,108,臭氧_8,107,PM10,601,PM2.5,101,二氧化硫,12,1114,街镇,,25,25,50,15,46,8,16,,,,,,7,20,15081,370104,槐荫区,美里湖街道办事处,美里湖街道办事处,/Date(1604282400000+0800)/
93,106,一氧化碳,141,二氧化氮,108,臭氧,108,臭氧_8,107,PM10,601,PM2.5,101,二氧化硫,12,1197,街镇,,122,26,51,16,50,14,27,119,188,122,92,,8,22,15082,370104,槐荫区,兴福街道办事处,兴福街道办事处,/Date(1604282400000+0800)/
94,106,一氧化碳,141,二氧化氮,108,臭氧,108,臭氧_8,107,PM10,601,PM2.5,101,二氧化硫,10,971,街镇,,127,23,46,15,45,9,17,127,204,124,94,,6,18,15083,370104,槐荫区,腊山街道办事处,腊山街道办事处,/Date(1604282400000+0800)/
95,106,一氧化碳,141,二氧化氮,108,臭氧,108,臭氧_8,107,PM10,601,PM2.5,101,二氧化硫,7,671,街镇,,113,31,62,15,47,12,23,113,176,74,54,,7,19,15084,370105,天桥区,制锦市街道办事处,制锦市街道办事处,/Date(1604282400000+0800)/
96,106,一氧化碳,141,二氧化氮,108,臭氧,108,臭氧_8,107,PM10,601,PM2.5,101,二氧化硫,13,1205,街镇,,108,25,50,13,40,8,16,108,166,93,69,,8,22,15085,370105,天桥区,北坦街道办事处,北坦街道办事处,/Date(1604282400000+0800)/
97,106,一氧化碳,141,二氧化氮,108,臭氧,108,臭氧_8,107,PM10,601,PM2.5,101,二氧化硫,12,1170,街镇,,115,29,57,12,36,7,14,115,179,99,74,,8,24,15086,370105,天桥区,纬北路街道办事处,纬北路街道办事处,/Date(1604282400000+0800)/
98,106,一氧化碳,141,二氧化氮,108,臭氧,108,臭氧_8,107,PM10,601,PM2.5,101,二氧化硫,9,804,街镇,,113,25,49,12,37,9,18,108,165,113,85,,8,23,15087,370105,天桥区,天桥东街道办事处,天桥东街道办事处,/Date(1604282400000+0800)/
99,106,一氧化碳,141,二氧化氮,108,臭氧,108,臭氧_8,107,PM10,601,PM2.5,101,二氧化硫,21,2081,街镇,,103,22,43,11,35,6,11,103,156,90,67,,5,15,15088,370105,天桥区,官扎营街道办事处,官扎营街道办事处,/Date(1604282400000+0800)/
100,106,一氧化碳,141,二氧化氮,108,臭氧,108,臭氧_8,107,PM10,601,PM2.5,101,二氧化硫,14,1381,街镇,,107,28,55,12,38,11,22,102,154,107,80,,9,26,15089,370105,天桥区,宝华街街道办事处,宝华街街道办事处,/Date(1604282400000+0800)/
101,106,一氧化碳,141,二氧化氮,108,臭氧,108,臭氧_8,107,PM10,601,PM2.5,101,二氧化硫,8,797,街镇,,121,28,56,14,42,13,25,121,191,94,70,,8,22,15090,370105,天桥区,堤口路街道办事处,堤口路街道办事处,/Date(1604282400000+0800)/
102,106,一氧化碳,141,二氧化氮,108,臭氧,108,臭氧_8,107,PM10,601,PM2.5,101,二氧化硫,7,652,街镇,,122,25,49,13,40,10,20,122,194,104,78,,7,21,15091,370105,天桥区,无影山街道办事处,无影山街道办事处,/Date(1604282400000+0800)/
103,106,一氧化碳,141,二氧化氮,108,臭氧,108,臭氧_8,107,PM10,601,PM2.5,101,二氧化硫,13,1233,街镇,,110,27,54,14,43,10,20,106,161,110,83,,6,18,15095,370105,天桥区,工人新村北村街道办事处,工人新村北村街道办事处,/Date(1604282400000+0800)/
104,106,一氧化碳,141,二氧化氮,108,臭氧,108,臭氧_8,107,PM10,601,PM2.5,101,二氧化硫,10,909,街镇,,118,25,49,12,38,8,15,118,186,78,57,,7,19,15096,370105,天桥区,北园街道办事处,北园街道办事处,/Date(1604282400000+0800)/
105,106,一氧化碳,141,二氧化氮,108,臭氧,108,臭氧_8,107,PM10,601,PM2.5,101,二氧化硫,6,580,街镇,,126,26,51,14,42,11,21,126,201,97,72,,7,20,15097,370105,天桥区,泺口路街道办事处,泺口路街道办事处,/Date(1604282400000+0800)/
106,106,一氧化碳,141,二氧化氮,108,臭氧,108,臭氧_8,107,PM10,601,PM2.5,101,二氧化硫,11,1051,街镇,,105,19,38,16,49,8,16,105,160,94,70,,6,16,15098,370118,先行区,大桥街道办事处,大桥街道办事处,/Date(1604282400000+0800)/
107,106,一氧化碳,141,二氧化氮,108,臭氧,108,臭氧_8,107,PM10,601,PM2.5,101,二氧化硫,6,522,街镇,,116,24,48,15,46,9,18,116,181,98,73,,5,15,15099,370105,天桥区,桑梓店街道办事处,桑梓店街道办事处,/Date(1604282400000+0800)/
108,106,一氧化碳,141,二氧化氮,108,臭氧,108,臭氧_8,107,PM10,601,PM2.5,101,二氧化硫,13,1291,街镇,,121,25,50,13,40,8,16,121,191,118,89,,8,23,15100,370112,历城区,山大路街道办事处,山大路街道办事处,/Date(1604282400000+0800)/
109,106,一氧化碳,141,二氧化氮,108,臭氧,108,臭氧_8,107,PM10,601,PM2.5,101,二氧化硫,14,1308,街镇,,127,30,59,14,44,9,17,127,204,120,91,,7,20,15101,370112,历城区,东风街道办事处,东风街道办事处,/Date(1604282400000+0800)/
110,106,一氧化碳,141,二氧化氮,108,臭氧,108,臭氧_8,107,PM10,601,PM2.5,101,二氧化硫,10,917,街镇,,130,26,52,15,45,9,18,130,209,117,88,,6,16,15102,370112,历城区,全福街道办事处,全福街道办事处,/Date(1604282400000+0800)/
111,106,一氧化碳,141,二氧化氮,108,臭氧,108,臭氧_8,107,PM10,601,PM2.5,101,二氧化硫,12,1127,街镇,,123,23,46,14,42,9,17,123,196,117,88,,7,19,15103,370112,历城区,华山街道办事处,华山街道办事处,/Date(1604282400000+0800)/
112,106,一氧化碳,141,二氧化氮,108,臭氧,108,臭氧_8,107,PM10,601,PM2.5,101,二氧化硫,10,924,街镇,,13,,,13,40,7,14,,,,,,5,14,15104,370112,历城区,荷花路街道办事处,荷花路街道办事处,/Date(1604282400000+0800)/
113,106,一氧化碳,141,二氧化氮,108,臭氧,108,臭氧_8,107,PM10,601,PM2.5,101,二氧化硫,,,街镇,,110,,,,,10,19,110,169,102,76,,,,15105,370112,历城区,唐冶街道办事处,唐冶街道办事处,/Date(1604282400000+0800)/
114,106,一氧化碳,141,二氧化氮,108,臭氧,108,臭氧_8,107,PM10,601,PM2.5,101,二氧化硫,13,1233,街镇,,127,26,51,13,41,7,14,127,204,112,84,,7,20,15106,370112,历城区,郭店街道办事处,郭店街道办事处,/Date(1604282400000+0800)/
115,106,一氧化碳,141,二氧化氮,108,臭氧,108,臭氧_8,107,PM10,601,PM2.5,101,二氧化硫,12,1178,街镇,,136,27,54,16,50,10,19,136,221,112,84,,9,25,15107,370112,历城区,董家街道办事处,董家街道办事处,/Date(1604282400000+0800)/
116,106,一氧化碳,141,二氧化氮,108,臭氧,108,臭氧_8,107,PM10,601,PM2.5,101,二氧化硫,12,1101,街镇,,93,25,50,15,47,8,15,93,135,83,61,,8,24,15108,370112,历城区,唐王街道办事处,唐王街道办事处,/Date(1604282400000+0800)/
117,106,一氧化碳,141,二氧化氮,108,臭氧,108,臭氧_8,107,PM10,601,PM2.5,101,二氧化硫,2,199,街镇,,120,22,44,12,37,9,18,120,190,102,76,,6,17,15109,370113,长清区,平安街道办事处,平安街道办事处,/Date(1604282400000+0800)/
118,106,一氧化碳,141,二氧化氮,108,臭氧,108,臭氧_8,107,PM10,601,PM2.5,101,二氧化硫,3,299,街镇,,126,17,33,16,51,26,52,126,201,84,62,,5,15,15110,370113,长清区,五峰街道办事处,五峰街道办事处,/Date(1604282400000+0800)/
119,106,一氧化碳,141,二氧化氮,108,臭氧,108,臭氧_8,107,PM10,601,PM2.5,101,二氧化硫,5,500,街镇,,122,19,37,14,44,9,17,122,193,103,77,,8,22,15111,370113,长清区,归德街道办事处,归德街道办事处,/Date(1604282400000+0800)/
120,106,一氧化碳,141,二氧化氮,108,臭氧,108,臭氧_8,107,PM10,601,PM2.5,101,二氧化硫,9,847,街镇,,134,,,15,45,16,32,134,218,85,63,,7,20,15112,370113,长清区,孝里街道办事处,孝里街道办事处,/Date(1604282400000+0800)/
121,106,一氧化碳,141,二氧化氮,108,臭氧,108,臭氧_8,107,PM10,601,PM2.5,101,二氧化硫,4,315,街镇,,132,15,30,15,45,12,24,132,213,104,78,,10,28,15113,370113,长清区,马山镇,马山镇,/Date(1604282400000+0800)/
122,106,一氧化碳,141,二氧化氮,108,臭氧,108,臭氧_8,107,PM10,601,PM2.5,101,二氧化硫,5,488,街镇,,121,20,40,17,52,26,52,121,192,92,68,,9,26,15114,370113,长清区,双泉镇,双泉镇,/Date(1604282400000+0800)/
123,106,一氧化碳,141,二氧化氮,108,臭氧,108,臭氧_8,107,PM10,601,PM2.5,101,二氧化硫,8,795,街镇,,109,17,33,16,51,12,24,109,167,100,75,,6,18,15115,370113,长清区,张夏街道办事处,张夏街道办事处,/Date(1604282400000+0800)/
124,106,一氧化碳,141,二氧化氮,108,臭氧,108,臭氧_8,107,PM10,601,PM2.5,101,二氧化硫,3,263,街镇,,129,11,22,19,59,9,18,129,207,109,82,,8,22,15116,370113,长清区,万德街道办事处,万德街道办事处,/Date(1604282400000+0800)/
125,106,一氧化碳,141,二氧化氮,108,臭氧,108,臭氧_8,107,PM10,601,PM2.5,101,二氧化硫,12,1158,街镇,,153,26,52,17,53,8,16,145,240,153,117,,9,25,15117,370181,章丘区,明水街道办事处,明水街道办事处,/Date(1604282400000+0800)/
126,106,一氧化碳,141,二氧化氮,108,臭氧,108,臭氧_8,107,PM10,601,PM2.5,101,二氧化硫,11,1060,街镇,,176,25,49,17,52,14,28,151,252,176,133,,8,24,15118,370181,章丘区,枣园街道办事处,枣园街道办事处,/Date(1604282400000+0800)/
127,106,一氧化碳,141,二氧化氮,108,臭氧,108,臭氧_8,107,PM10,601,PM2.5,101,二氧化硫,10,994,街镇,,150,23,45,15,48,9,17,145,240,150,115,,7,20,15119,370181,章丘区,龙山街道办事处,龙山街道办事处,/Date(1604282400000+0800)/
128,106,一氧化碳,141,二氧化氮,108,臭氧,108,臭氧_8,107,PM10,601,PM2.5,101,二氧化硫,9,802,街镇,,134,22,44,18,55,23,46,113,175,134,102,,6,18,15120,370181,章丘区,埠村街道办事处,埠村街道办事处,/Date(1604282400000+0800)/
129,106,一氧化碳,141,二氧化氮,108,臭氧,108,臭氧_8,107,PM10,601,PM2.5,101,二氧化硫,11,1076,街镇,,144,25,50,16,49,20,40,138,226,144,110,,8,23,15121,370181,章丘区,圣井街道办事处,圣井街道办事处,/Date(1604282400000+0800)/
130,106,一氧化碳,141,二氧化氮,108,臭氧,108,臭氧_8,107,PM10,601,PM2.5,101,二氧化硫,13,1276,街镇,,179,24,48,17,54,11,21,156,261,179,135,,9,27,15122,370181,章丘区,普集街道办事处,普集街道办事处,/Date(1604282400000+0800)/
131,106,一氧化碳,141,二氧化氮,108,臭氧,108,臭氧_8,107,PM10,601,PM2.5,101,二氧化硫,12,1104,街镇,,125,23,46,15,48,8,15,125,199,123,93,,8,23,15129,370181,章丘区,相公庄街道办事处,相公庄街道办事处,/Date(1604282400000+0800)/
132,106,一氧化碳,141,二氧化氮,108,臭氧,108,臭氧_8,107,PM10,601,PM2.5,101,二氧化硫,15,1478,街镇,,152,26,52,20,61,17,34,141,232,152,116,,8,24,15130,370181,章丘区,官庄街道办事处,官庄街道办事处,/Date(1604282400000+0800)/
133,106,一氧化碳,141,二氧化氮,108,臭氧,108,臭氧_8,107,PM10,601,PM2.5,101,二氧化硫,12,1104,街镇,,135,27,54,16,49,7,14,135,220,128,97,,7,20,15131,370181,章丘区,绣惠街道办事处,绣惠街道办事处,/Date(1604282400000+0800)/
134,106,一氧化碳,141,二氧化氮,108,臭氧,108,臭氧_8,107,PM10,601,PM2.5,101,二氧化硫,13,1236,街镇,,155,24,48,20,61,23,45,143,236,155,118,,8,23,15132,370181,章丘区,文祖街道办事处,文祖街道办事处,/Date(1604282400000+0800)/
135,106,一氧化碳,141,二氧化氮,108,臭氧,108,臭氧_8,107,PM10,601,PM2.5,101,二氧化硫,7,679,街镇,,105,18,36,16,51,23,46,105,159,84,62,,6,17,15133,370181,章丘区,曹范街道办事处,曹范街道办事处,/Date(1604282400000+0800)/
136,106,一氧化碳,141,二氧化氮,108,臭氧,108,臭氧_8,107,PM10,601,PM2.5,101,二氧化硫,11,1050,街镇,,108,11,21,23,73,28,55,88,126,108,81,,4,10,15134,370181,章丘区,垛庄镇,垛庄镇,/Date(1604282400000+0800)/
137,106,一氧化碳,141,二氧化氮,108,臭氧,108,臭氧_8,107,PM10,601,PM2.5,101,二氧化硫,10,983,街镇,,150,25,49,16,49,9,18,131,211,150,115,,7,21,15135,370181,章丘区,宁家埠街道办事处,宁家埠街道办事处,/Date(1604282400000+0800)/
138,106,一氧化碳,141,二氧化氮,108,臭氧,108,臭氧_8,107,PM10,601,PM2.5,101,二氧化硫,14,1382,街镇,,159,30,59,16,50,9,17,149,248,159,121,,10,28,15136,370181,章丘区,刁镇街道办事处,刁镇街道办事处,/Date(1604282400000+0800)/
139,106,一氧化碳,141,二氧化氮,108,臭氧,108,臭氧_8,107,PM10,601,PM2.5,101,二氧化硫,11,1046,街镇,,140,25,50,14,44,7,13,140,229,133,101,,5,13,15137,370181,章丘区,高官寨街道办事处,高官寨街道办事处,/Date(1604282400000+0800)/
140,106,一氧化碳,141,二氧化氮,108,臭氧,108,臭氧_8,107,PM10,601,PM2.5,101,二氧化硫,13,1257,街镇,,130,24,47,15,46,7,14,117,184,130,99,,7,19,15138,370181,章丘区,黄河街道办事处,黄河街道办事处,/Date(1604282400000+0800)/
141,106,一氧化碳,141,二氧化氮,108,臭氧,108,臭氧_8,107,PM10,601,PM2.5,101,二氧化硫,10,993,街镇,,168,23,45,16,50,8,16,143,235,168,127,,8,22,15139,370181,章丘区,白云湖街道办事处,白云湖街道办事处,/Date(1604282400000+0800)/
142,106,一氧化碳,141,二氧化氮,108,臭氧,108,臭氧_8,107,PM10,601,PM2.5,101,二氧化硫,7,630,街镇,,114,18,36,16,49,8,16,114,178,94,70,,7,19,15140,370124,平阴县,锦水街道办事处,锦水街道办事处,/Date(1604282400000+0800)/
143,106,一氧化碳,141,二氧化氮,108,臭氧,108,臭氧_8,107,PM10,601,PM2.5,101,二氧化硫,8,735,街镇,,116,21,42,15,48,10,20,116,182,93,69,,7,21,15141,370124,平阴县,玫瑰镇,玫瑰镇,/Date(1604282400000+0800)/
144,106,一氧化碳,141,二氧化氮,108,臭氧,108,臭氧_8,107,PM10,601,PM2.5,101,二氧化硫,5,445,街镇,,119,20,39,19,58,13,26,119,187,92,68,,7,21,15142,370124,平阴县,东阿镇,东阿镇,/Date(1604282400000+0800)/
145,106,一氧化碳,141,二氧化氮,108,臭氧,108,臭氧_8,107,PM10,601,PM2.5,101,二氧化硫,10,914,街镇,,91,19,38,16,49,14,27,91,131,78,57,,13,38,15143,370124,平阴县,洪范池镇,洪范池镇,/Date(1604282400000+0800)/
146,106,一氧化碳,141,二氧化氮,108,臭氧,108,臭氧_8,107,PM10,601,PM2.5,101,二氧化硫,4,378,街镇,,118,19,37,15,46,9,18,118,185,88,65,,11,31,15144,370124,平阴县,孔村镇,孔村镇,/Date(1604282400000+0800)/
147,106,一氧化碳,141,二氧化氮,108,臭氧,108,臭氧_8,107,PM10,601,PM2.5,101,二氧化硫,7,631,街镇,,111,22,44,18,57,13,25,111,171,67,48,,6,17,15145,370124,平阴县,孝直镇,孝直镇,/Date(1604282400000+0800)/
148,106,一氧化碳,141,二氧化氮,108,臭氧,108,臭氧_8,107,PM10,601,PM2.5,101,二氧化硫,10,911,街镇,,100,22,44,15,46,8,15,100,149,92,68,,8,24,15146,370118,先行区,孙耿街道办事处,孙耿街道办事处,/Date(1604282400000+0800)/
149,106,一氧化碳,141,二氧化氮,108,臭氧,108,臭氧_8,107,PM10,601,PM2.5,101,二氧化硫,11,1054,街镇,,11,,,,,5,9,,,,,,,,15147,370118,先行区,崔寨街道办事处,崔寨街道办事处,/Date(1604282400000+0800)/
150,106,一氧化碳,141,二氧化氮,108,臭氧,108,臭氧_8,107,PM10,601,PM2.5,101,二氧化硫,11,1084,街镇,,120,28,56,11,35,6,12,120,189,107,80,,,,15148,370118,先行区,太平街道办事处,太平街道办事处,/Date(1604282400000+0800)/
151,106,一氧化碳,141,二氧化氮,108,臭氧,108,臭氧_8,107,PM10,601,PM2.5,101,二氧化硫,12,1200,街镇,,144,22,43,15,46,8,16,128,206,144,110,,9,26,15149,370125,济阳区,垛石街道办事处,垛石街道办事处,/Date(1604282400000+0800)/
152,106,一氧化碳,141,二氧化氮,108,臭氧,108,臭氧_8,107,PM10,601,PM2.5,101,二氧化硫,,,街镇,,135,,,12,37,7,14,126,201,135,103,,,,15150,370125,济阳区,新市镇,新市镇,/Date(1604282400000+0800)/
153,106,一氧化碳,141,二氧化氮,108,臭氧,108,臭氧_8,107,PM10,601,PM2.5,101,二氧化硫,12,1152,街镇,,129,22,43,15,45,7,14,129,208,128,97,,7,20,15151,370125,济阳区,曲堤街道办事处,曲堤街道办事处,/Date(1604282400000+0800)/
154,106,一氧化碳,141,二氧化氮,108,臭氧,108,臭氧_8,107,PM10,601,PM2.5,101,二氧化硫,12,1116,街镇,,133,24,48,13,39,7,14,126,202,133,101,,9,27,15152,370125,济阳区,仁风镇,仁风镇,/Date(1604282400000+0800)/
155,106,一氧化碳,141,二氧化氮,108,臭氧,108,臭氧_8,107,PM10,601,PM2.5,101,二氧化硫,7,630,街镇,,115,25,49,11,33,8,15,115,179,90,67,,10,28,15153,370126,商河县,玉皇庙镇,玉皇庙镇,/Date(1604282400000+0800)/
156,106,一氧化碳,141,二氧化氮,108,臭氧,108,臭氧_8,107,PM10,601,PM2.5,101,二氧化硫,10,959,街镇,,119,25,49,10,31,8,15,119,187,107,80,,10,29,15154,370126,商河县,龙桑寺镇,龙桑寺镇,/Date(1604282400000+0800)/
157,106,一氧化碳,141,二氧化氮,108,臭氧,108,臭氧_8,107,PM10,601,PM2.5,101,二氧化硫,9,846,街镇,,104,20,40,10,32,7,14,104,157,100,75,,7,19,15155,370126,商河县,殷巷镇,殷巷镇,/Date(1604282400000+0800)/
158,106,一氧化碳,141,二氧化氮,108,臭氧,108,臭氧_8,107,PM10,601,PM2.5,101,二氧化硫,9,842,街镇,,103,21,42,10,29,7,13,103,155,92,68,,5,14,15156,370126,商河县,怀仁镇,怀仁镇,/Date(1604282400000+0800)/
159,106,一氧化碳,141,二氧化氮,108,臭氧,108,臭氧_8,107,PM10,601,PM2.5,101,二氧化硫,9,841,街镇,,126,23,46,11,34,7,14,126,201,105,79,,6,16,15157,370126,商河县,贾庄镇,贾庄镇,/Date(1604282400000+0800)/
160,106,一氧化碳,141,二氧化氮,108,臭氧,108,臭氧_8,107,PM10,601,PM2.5,101,二氧化硫,12,1153,街镇,,127,20,39,11,35,7,14,124,197,127,96,,10,28,15160,370126,商河县,郑路镇,郑路镇,/Date(1604282400000+0800)/
161,106,一氧化碳,141,二氧化氮,108,臭氧,108,臭氧_8,107,PM10,601,PM2.5,101,二氧化硫,13,1256,街镇,,134,26,52,13,40,8,15,128,206,134,102,,9,27,15161,370126,商河县,白桥镇,白桥镇,/Date(1604282400000+0800)/
162,106,一氧化碳,141,二氧化氮,108,臭氧,108,臭氧_8,107,PM10,601,PM2.5,101,二氧化硫,12,1128,街镇,,133,24,48,10,32,6,12,133,216,109,82,,9,26,15162,370126,商河县,孙集镇,孙集镇,/Date(1604282400000+0800)/
163,106,一氧化碳,141,二氧化氮,108,臭氧,108,臭氧_8,107,PM10,601,PM2.5,101,二氧化硫,5,494,街镇,,110,19,38,10,30,7,13,110,169,74,54,,6,16,15163,370126,商河县,韩庙镇,韩庙镇,/Date(1604282400000+0800)/
164,106,一氧化碳,141,二氧化氮,108,臭氧,108,臭氧_8,107,PM10,601,PM2.5,101,二氧化硫,6,568,街镇,,121,20,39,10,29,7,13,121,192,84,62,,9,26,15164,370126,商河县,沙河镇,沙河镇,/Date(1604282400000+0800)/
165,106,一氧化碳,141,二氧化氮,108,臭氧,108,臭氧_8,107,PM10,601,PM2.5,101,二氧化硫,10,908,街镇,,107,18,35,11,33,8,15,104,157,107,80,,6,17,15165,370126,商河县,张坊镇,张坊镇,/Date(1604282400000+0800)/
166,106,一氧化碳,141,二氧化氮,108,臭氧,108,臭氧_8,107,PM10,601,PM2.5,101,二氧化硫,,,街镇,,119,23,45,,,15,29,119,188,104,78,,6,18,15166,370114,高新区,高新东区街道办事处,高新东区街道办事处,/Date(1604282400000+0800)/
167,106,一氧化碳,141,二氧化氮,108,臭氧,108,臭氧_8,107,PM10,601,PM2.5,101,二氧化硫,12,1124,街镇,,203,28,56,18,57,8,16,203,352,115,87,,4,12,15167,370114,高新区,遥墙街道办事处,遥墙街道办事处,/Date(1604282400000+0800)/
168,106,一氧化碳,141,二氧化氮,108,臭氧,108,臭氧_8,107,PM10,601,PM2.5,101,二氧化硫,7,644,街镇,,122,19,38,16,50,10,19,122,194,94,70,,6,18,15169,370114,高新区,创新谷街道办事处,创新谷街道办事处,/Date(1604282400000+0800)/
169,106,一氧化碳,141,二氧化氮,108,臭氧,108,臭氧_8,107,PM10,601,PM2.5,101,二氧化硫,11,1039,街镇,,138,23,46,17,53,12,23,133,215,138,105,,8,24,16500,370125,济阳区,回河街道办事处,回河街道办事处,/Date(1604282400000+0800)/
170,106,一氧化碳,141,二氧化氮,108,臭氧,108,臭氧_8,107,PM10,601,PM2.5,101,二氧化硫,,,街镇,,25,25,50,15,48,7,14,,,,,,7,21,16503,370112,历城区,王舍人街道办事处,王舍人街道办事处,/Date(1604282400000+0800)/
171,106,一氧化碳,141,二氧化氮,108,臭氧,108,臭氧_8,107,PM10,601,PM2.5,101,二氧化硫,11,1062,街镇,,118,26,51,14,44,8,16,118,185,118,89,,7,20,16504,370112,历城区,鲍山街道办事处,鲍山街道办事处,/Date(1604282400000+0800)/
172,106,一氧化碳,141,二氧化氮,108,臭氧,108,臭氧_8,107,PM10,601,PM2.5,101,二氧化硫,3,278,街镇,,110,20,39,17,54,19,38,110,170,88,65,,6,16,17700,370114,高新区,章锦街道办事处,章锦街道办事处,/Date(1604282400000+0800)/
173,106,一氧化碳,141,二氧化氮,108,臭氧,108,臭氧_8,107,PM10,601,PM2.5,101,二氧化硫,10,967,市控,,125,28,55,15,45,9,18,125,199,89,66,,6,18,18020,370100,济南,炼油厂,,/Date(1604282400000+0800)/
174,106,一氧化碳,141,二氧化氮,108,臭氧,108,臭氧_8,107,PM10,601,PM2.5,101,二氧化硫,8,760,街镇,,113,23,46,12,36,7,14,113,176,98,73,,7,19,18821,370105,天桥区,药山街道办事处,药山街道办事处,/Date(1604282400000+0800)/
175,106,一氧化碳,141,二氧化氮,108,臭氧,108,臭氧_8,107,PM10,601,PM2.5,101,二氧化硫,9,893,街镇,,114,26,51,11,34,7,14,114,178,110,83,,6,18,18966,370105,天桥区,工人新村南村街道办事处,工人新村南村街道办事处,/Date(1604282400000+0800)/
